<ImportExportXml xmlns:xsi="http://www.w3.org/2001/XMLSchema-instance" OrganizationVersion="9.2.25074.190" OrganizationSchemaType="Standard" CRMServerServiceabilityVersion="9.2.25074.00190">
  <Entities></Entities>
  <Roles></Roles>
  <Workflows></Workflows>
  <FieldSecurityProfiles></FieldSecurityProfiles>
  <Templates />
  <EntityMaps />
  <EntityRelationships />
  <OrganizationSettings />
  <optionsets />
  <CustomControls />
  <EntityDataProviders />
  <CanvasApps>
    <CanvasApp>
      <Name>harjtech_powerplatformcontrolcenter_457b4</Name>
      <AppVersion>2025-08-12T14:49:17Z</AppVersion>
      <Status>Ready</Status>
      <CreatedByClientVersion>3.25081.9.0</CreatedByClientVersion>
      <MinClientVersion>3.25081.9.0</MinClientVersion>
      <Tags>{"primaryDeviceWidth":"1366","primaryDeviceHeight":"768","supportsPortrait":"true","supportsLandscape":"true","primaryFormFactor":"Tablet","showStatusBar":"false","publisherVersion":"3.25081.9","minimumRequiredApiVersion":"2.2.0","hasComponent":"true","hasUnlockedComponent":"true","isUnifiedRootApp":"false","sienaVersion":"20250809T044225Z-3.25074.8.0"}</Tags>
      <IsCdsUpgraded>0</IsCdsUpgraded>
      <GalleryItemId xsi:nil="true"></GalleryItemId>
      <BackgroundColor>rgba(204, 20, 20, 1)</BackgroundColor>
      <DisplayName>Power Platform Control Center</DisplayName>
      <Description>Power Platform Control Center — developed by HarjTech. This application was designed to give administrators a mobile-friendly solution for monitoring their tenant on the go. It provides a centralized view of all environments, apps, flows, and data loss prevention policies configured within the tenant, enabling admins to stay informed and in control anytime, anywhere.</Description>
      <CommitMessage xsi:nil="true"></CommitMessage>
      <Publisher xsi:nil="true"></Publisher>
      <AuthorizationReferences>[]</AuthorizationReferences>
      <ConnectionReferences>{"9afc615d-994c-4d36-8860-85ad6f380c98":{"id":"/providers/microsoft.powerapps/apis/shared_powerappsforadmins","displayName":"Power Apps for Admins","iconUri":"https://conn-afd-prod-endpoint-bmc9bqahasf3grgk.b01.azurefd.net/v1.0.1754/1.0.1754.4231/powerappsforadmins/icon.png","dataSources":["PowerAppsforAdmins"],"dependencies":[],"dependents":[],"parameterHints":{},"parameterHintsV2":{},"isOnPremiseConnection":false,"bypassConsent":false,"dataSets":{},"apiTier":"Standard","actions":["Get-AdminApps","Get-AdminConnections","Get-AdminConnectors","Get-AdminApp"]},"5b77ce49-3240-4f20-9dfd-0bfe67146966":{"id":"/providers/microsoft.powerapps/apis/shared_powerappsforappmakers","displayName":"Power Apps for Makers","iconUri":"https://conn-afd-prod-endpoint-bmc9bqahasf3grgk.b01.azurefd.net/v1.0.1758/1.0.1758.4260/powerappsforappmakers/icon.png","dataSources":["PowerAppsforMakers"],"dependencies":[],"dependents":[],"parameterHints":{},"parameterHintsV2":{},"isOnPremiseConnection":false,"bypassConsent":false,"dataSets":{},"apiTier":"Standard","actions":["Get-Environments","Get-Apps","Get-App"]},"ba573429-9950-4b23-9309-bc2dc88e4b48":{"id":"/providers/microsoft.powerapps/apis/shared_powerplatformforadmins","displayName":"Power Platform for Admins","iconUri":"https://conn-afd-prod-endpoint-bmc9bqahasf3grgk.b01.azurefd.net/v1.0.1759/1.0.1759.4267/powerplatformforadmins/icon.png","dataSources":["PowerPlatformforAdmins"],"dependencies":[],"dependents":[],"parameterHints":{},"parameterHintsV2":{},"isOnPremiseConnection":false,"bypassConsent":false,"dataSets":{},"apiTier":"Standard","actions":["Get-AdminDlpPolicies"]},"54982e15-d15d-4f5d-a09b-67fca4a3e43c":{"id":"/providers/microsoft.powerapps/apis/shared_microsoftflowforadmins","displayName":"Power Automate for Admins","iconUri":"https://conn-afd-prod-endpoint-bmc9bqahasf3grgk.b01.azurefd.net/v1.0.1759/1.0.1759.4267/microsoftflowforadmins/icon.png","dataSources":["PowerAutomateforAdmins"],"dependencies":[],"dependents":[],"parameterHints":{},"parameterHintsV2":{},"isOnPremiseConnection":false,"bypassConsent":false,"dataSets":{},"apiTier":"Standard","authenticationType":"firstParty"},"dd2e9e81-cbd4-4dd0-8c85-cbfd3a4d5e5b":{"id":"/providers/microsoft.powerapps/apis/shared_flowmanagement","displayName":"Power Automate Management","iconUri":"https://conn-afd-prod-endpoint-bmc9bqahasf3grgk.b01.azurefd.net/v1.0.1762/1.0.1762.4298/flowmanagement/icon.png","dataSources":["PowerAutomateManagement"],"dependencies":[],"dependents":[],"parameterHints":{},"parameterHintsV2":{},"isOnPremiseConnection":false,"bypassConsent":false,"dataSets":{},"apiTier":"Standard","actions":["ListFlowsInEnvironment_V2","GetFlow"],"authenticationType":"firstParty"},"79092ea8-2238-4d51-b7ff-e5f1bc3d63e2":{"id":"/providers/microsoft.powerapps/apis/shared_powerplatformadminv2","displayName":"Power Platform for Admins V2","iconUri":"https://conn-afd-prod-endpoint-bmc9bqahasf3grgk.b01.azurefd.net/v1.0.1765/1.0.1765.4317/powerplatformadminv2/icon.png","dataSources":["PowerPlatformforAdminsV2"],"dependencies":[],"dependents":[],"parameterHints":{},"parameterHintsV2":{},"isOnPremiseConnection":false,"bypassConsent":false,"dataSets":{},"apiTier":"Standard","actions":["ListCloudFlows"],"authenticationType":"oauth2-auth"},"6029152f-f0b7-4379-8615-bd1af18cda26":{"id":"/providers/microsoft.powerapps/apis/shared_office365users","displayName":"Office 365 Users","iconUri":"https://conn-afd-prod-endpoint-bmc9bqahasf3grgk.b01.azurefd.net/v1.0.1751/1.0.1751.4213/office365users/icon.png","dataSources":["Office365Users"],"dependencies":[],"dependents":[],"parameterHints":{},"parameterHintsV2":{},"isOnPremiseConnection":false,"bypassConsent":false,"dataSets":{},"apiTier":"Standard","actions":["UserProfile_V2"]},"e5c01d47-b47d-4eb9-a057-c630c994d05f":{"id":"/providers/microsoft.powerapps/apis/shared_teams","displayName":"Microsoft Teams","iconUri":"https://conn-afd-prod-endpoint-bmc9bqahasf3grgk.b01.azurefd.net/v1.0.1760/1.0.1760.4275/teams/icon.png","dataSources":["MicrosoftTeams"],"dependencies":[],"dependents":[],"parameterHints":{},"parameterHintsV2":{},"isOnPremiseConnection":false,"bypassConsent":false,"dataSets":{},"apiTier":"Standard"}}</ConnectionReferences>
      <DatabaseReferences>{}</DatabaseReferences>
      <AppComponents>[]</AppComponents>
      <AppComponentDependencies>[]</AppComponentDependencies>
      <CanConsumeAppPass>1</CanConsumeAppPass>
      <CanvasAppType>0</CanvasAppType>
      <BypassConsent>0</BypassConsent>
      <AdminControlBypassConsent>0</AdminControlBypassConsent>
      <EmbeddedApp xsi:nil="true"></EmbeddedApp>
      <IntroducedVersion>1.0</IntroducedVersion>
      <CdsDependencies>{"cdsdependencies":[]}</CdsDependencies>
      <IsCustomizable>1</IsCustomizable>
      <BackgroundImageUri>/CanvasApps/harjtech_powerplatformcontrolcenter_457b4_BackgroundImageUri</BackgroundImageUri>
      <DocumentUri>/CanvasApps/harjtech_powerplatformcontrolcenter_457b4_DocumentUri.msapp</DocumentUri>
      <AdditionalUris>
        <AdditionalUri>/CanvasApps/harjtech_powerplatformcontrolcenter_457b4_AdditionalUris0_identity.json</AdditionalUri>
      </AdditionalUris>
    </CanvasApp>
  </CanvasApps>
  <Languages>
    <Language>1033</Language>
  </Languages>
</ImportExportXml>